hour,lead_time_hours,variable,models_reporting,providers_reporting,model_spread,provider_spread
2026-08-03T00:00,0,swell_wave_height,5,3,0.38,0.36
2026-08-03T00:00,0,swell_wave_period,5,3,4.20,4.15
2026-08-03T00:00,0,swell_wave_direction,5,3,61.00,60.50
2026-08-03T01:00,1,swell_wave_height,5,3,0.36,0.34
2026-08-03T01:00,1,swell_wave_period,5,3,4.10,4.08
2026-08-03T01:00,1,swell_wave_direction,5,3,61.00,60.00
2026-08-03T02:00,2,swell_wave_height,5,3,0.36,0.33
2026-08-03T02:00,2,swell_wave_period,5,3,3.65,3.62
2026-08-03T02:00,2,swell_wave_direction,5,3,38.00,37.50
2026-08-03T03:00,3,swell_wave_height,5,3,0.32,0.30
2026-08-03T03:00,3,swell_wave_period,5,3,3.05,3.00
2026-08-03T03:00,3,swell_wave_direction,5,3,23.00,20.50
2026-08-03T04:00,4,swell_wave_height,5,3,0.32,0.30
2026-08-03T04:00,4,swell_wave_period,5,3,2.55,2.50
2026-08-03T04:00,4,swell_wave_direction,5,3,27.00,25.00
2026-08-03T05:00,5,swell_wave_height,5,3,0.32,0.30
2026-08-03T05:00,5,swell_wave_period,5,3,2.40,2.35
2026-08-03T05:00,5,swell_wave_direction,5,3,25.00,23.00
2026-08-03T06:00,6,swell_wave_height,5,3,0.32,0.29
2026-08-03T06:00,6,swell_wave_period,5,3,2.45,2.40
2026-08-03T06:00,6,swell_wave_direction,5,3,23.00,20.50
2026-08-03T07:00,7,swell_wave_height,5,3,0.32,0.29
2026-08-03T07:00,7,swell_wave_period,5,3,2.55,2.50
2026-08-03T07:00,7,swell_wave_direction,5,3,21.00,18.50
2026-08-03T08:00,8,swell_wave_height,5,3,0.32,0.29
2026-08-03T08:00,8,swell_wave_period,5,3,2.65,2.60
2026-08-03T08:00,8,swell_wave_direction,5,3,19.00,16.50
2026-08-03T09:00,9,swell_wave_height,5,3,0.34,0.30
2026-08-03T09:00,9,swell_wave_period,5,3,2.90,2.85
2026-08-03T09:00,9,swell_wave_direction,5,3,16.00,13.50
2026-08-03T10:00,10,swell_wave_height,5,3,0.34,0.29
2026-08-03T10:00,10,swell_wave_period,5,3,3.00,2.98
2026-08-03T10:00,10,swell_wave_direction,5,3,14.00,11.50
2026-08-03T11:00,11,swell_wave_height,5,3,0.34,0.29
2026-08-03T11:00,11,swell_wave_period,5,3,3.05,3.03
2026-08-03T11:00,11,swell_wave_direction,5,3,12.00,9.50
2026-08-03T12:00,12,swell_wave_height,5,3,0.32,0.28
2026-08-03T12:00,12,swell_wave_period,5,3,3.00,3.00
2026-08-03T12:00,12,swell_wave_direction,5,3,10.00,7.00
2026-08-03T13:00,13,swell_wave_height,5,3,0.32,0.27
2026-08-03T13:00,13,swell_wave_period,5,3,3.00,3.00
2026-08-03T13:00,13,swell_wave_direction,5,3,8.00,5.00
2026-08-03T14:00,14,swell_wave_height,5,3,0.30,0.24
2026-08-03T14:00,14,swell_wave_period,5,3,2.95,2.95
2026-08-03T14:00,14,swell_wave_direction,5,3,6.00,3.00
2026-08-03T15:00,15,swell_wave_height,5,3,0.48,0.33
2026-08-03T15:00,15,swell_wave_period,5,3,2.90,2.60
2026-08-03T15:00,15,swell_wave_direction,5,3,33.00,16.50
2026-08-03T16:00,16,swell_wave_height,5,3,0.74,0.53
2026-08-03T16:00,16,swell_wave_period,5,3,2.25,1.92
2026-08-03T16:00,16,swell_wave_direction,5,3,63.00,44.00
2026-08-03T17:00,17,swell_wave_height,5,3,0.08,0.05
2026-08-03T17:00,17,swell_wave_period,5,3,2.90,2.88
2026-08-03T17:00,17,swell_wave_direction,5,3,3.00,2.00
2026-08-03T18:00,18,swell_wave_height,5,3,0.04,0.02
2026-08-03T18:00,18,swell_wave_period,5,3,2.70,2.70
2026-08-03T18:00,18,swell_wave_direction,5,3,3.00,1.00
2026-08-03T19:00,19,swell_wave_height,5,3,0.06,0.04
2026-08-03T19:00,19,swell_wave_period,5,3,2.70,2.67
2026-08-03T19:00,19,swell_wave_direction,5,3,4.00,2.50
2026-08-03T20:00,20,swell_wave_height,5,3,0.04,0.03
2026-08-03T20:00,20,swell_wave_period,5,3,2.60,2.60
2026-08-03T20:00,20,swell_wave_direction,5,3,4.00,2.50
2026-08-03T21:00,21,swell_wave_height,5,3,0.06,0.05
2026-08-03T21:00,21,swell_wave_period,5,3,2.55,2.37
2026-08-03T21:00,21,swell_wave_direction,5,3,4.00,2.00
2026-08-03T22:00,22,swell_wave_height,5,3,0.06,0.05
2026-08-03T22:00,22,swell_wave_period,5,3,1.85,1.83
2026-08-03T22:00,22,swell_wave_direction,5,3,4.00,2.00
2026-08-03T23:00,23,swell_wave_height,5,3,0.10,0.09
2026-08-03T23:00,23,swell_wave_period,5,3,1.65,1.60
2026-08-03T23:00,23,swell_wave_direction,5,3,3.00,1.00
2026-08-04T00:00,24,swell_wave_height,5,3,0.10,0.08
2026-08-04T00:00,24,swell_wave_period,5,3,1.50,1.45
2026-08-04T00:00,24,swell_wave_direction,5,3,4.00,2.50
2026-08-04T01:00,25,swell_wave_height,5,3,0.12,0.10
2026-08-04T01:00,25,swell_wave_period,5,3,1.50,1.40
2026-08-04T01:00,25,swell_wave_direction,5,3,4.00,2.50
2026-08-04T02:00,26,swell_wave_height,5,3,0.08,0.04
2026-08-04T02:00,26,swell_wave_period,5,3,1.70,1.55
2026-08-04T02:00,26,swell_wave_direction,5,3,3.00,1.00
2026-08-04T03:00,27,swell_wave_height,5,3,0.24,0.21
2026-08-04T03:00,27,swell_wave_period,5,3,1.90,1.78
2026-08-04T03:00,27,swell_wave_direction,5,3,6.00,3.50
2026-08-04T04:00,28,swell_wave_height,5,3,0.26,0.22
2026-08-04T04:00,28,swell_wave_period,5,3,2.15,2.00
2026-08-04T04:00,28,swell_wave_direction,5,3,6.00,4.50
2026-08-04T05:00,29,swell_wave_height,5,3,0.28,0.24
2026-08-04T05:00,29,swell_wave_period,5,3,2.25,2.10
2026-08-04T05:00,29,swell_wave_direction,5,3,6.00,4.50
2026-08-04T06:00,30,swell_wave_height,5,3,0.26,0.24
2026-08-04T06:00,30,swell_wave_period,5,3,2.35,2.17
2026-08-04T06:00,30,swell_wave_direction,5,3,8.00,5.00
2026-08-04T07:00,31,swell_wave_height,5,3,0.28,0.25
2026-08-04T07:00,31,swell_wave_period,5,3,2.40,2.23
2026-08-04T07:00,31,swell_wave_direction,5,3,7.00,5.00
2026-08-04T08:00,32,swell_wave_height,5,3,0.28,0.21
2026-08-04T08:00,32,swell_wave_period,5,3,2.65,2.28
2026-08-04T08:00,32,swell_wave_direction,5,3,7.00,5.50
2026-08-04T09:00,33,swell_wave_height,5,3,0.14,0.10
2026-08-04T09:00,33,swell_wave_period,5,3,3.15,3.03
2026-08-04T09:00,33,swell_wave_direction,5,3,8.00,6.00
2026-08-04T10:00,34,swell_wave_height,5,3,0.14,0.11
2026-08-04T10:00,34,swell_wave_period,5,3,3.20,3.15
2026-08-04T10:00,34,swell_wave_direction,5,3,8.00,6.50
2026-08-04T11:00,35,swell_wave_height,5,3,0.16,0.13
2026-08-04T11:00,35,swell_wave_period,5,3,3.20,3.18
2026-08-04T11:00,35,swell_wave_direction,5,3,9.00,7.50
2026-08-04T12:00,36,swell_wave_height,5,3,0.16,0.13
2026-08-04T12:00,36,swell_wave_period,5,3,3.10,3.10
2026-08-04T12:00,36,swell_wave_direction,5,3,10.00,8.00
2026-08-04T13:00,37,swell_wave_height,5,3,0.18,0.15
2026-08-04T13:00,37,swell_wave_period,5,3,3.10,3.07
2026-08-04T13:00,37,swell_wave_direction,5,3,11.00,9.00
2026-08-04T14:00,38,swell_wave_height,5,3,0.18,0.15
2026-08-04T14:00,38,swell_wave_period,5,3,3.00,3.00
2026-08-04T14:00,38,swell_wave_direction,5,3,10.00,8.50
2026-08-04T15:00,39,swell_wave_height,5,3,0.18,0.15
2026-08-04T15:00,39,swell_wave_period,5,3,2.95,2.95
2026-08-04T15:00,39,swell_wave_direction,5,3,11.00,9.50
2026-08-04T16:00,40,swell_wave_height,5,3,0.20,0.18
2026-08-04T16:00,40,swell_wave_period,5,3,2.85,2.85
2026-08-04T16:00,40,swell_wave_direction,5,3,11.00,9.50
2026-08-04T17:00,41,swell_wave_height,5,3,0.22,0.19
2026-08-04T17:00,41,swell_wave_period,5,3,2.80,2.80
2026-08-04T17:00,41,swell_wave_direction,5,3,12.00,10.50
2026-08-04T18:00,42,swell_wave_height,5,3,0.22,0.19
2026-08-04T18:00,42,swell_wave_period,5,3,2.80,2.80
2026-08-04T18:00,42,swell_wave_direction,5,3,13.00,11.50
2026-08-04T19:00,43,swell_wave_height,5,3,0.24,0.21
2026-08-04T19:00,43,swell_wave_period,5,3,2.70,2.70
2026-08-04T19:00,43,swell_wave_direction,5,3,14.00,12.50
2026-08-04T20:00,44,swell_wave_height,5,3,0.24,0.21
2026-08-04T20:00,44,swell_wave_period,5,3,2.65,2.65
2026-08-04T20:00,44,swell_wave_direction,5,3,14.00,12.50
2026-08-04T21:00,45,swell_wave_height,5,3,0.26,0.23
2026-08-04T21:00,45,swell_wave_period,5,3,2.60,2.60
2026-08-04T21:00,45,swell_wave_direction,5,3,14.00,12.00
2026-08-04T22:00,46,swell_wave_height,5,3,0.28,0.24
2026-08-04T22:00,46,swell_wave_period,5,3,2.60,2.60
2026-08-04T22:00,46,swell_wave_direction,5,3,14.00,12.00
2026-08-04T23:00,47,swell_wave_height,5,3,0.28,0.25
2026-08-04T23:00,47,swell_wave_period,5,3,2.60,2.60
2026-08-04T23:00,47,swell_wave_direction,5,3,14.00,12.50
2026-08-05T00:00,48,swell_wave_height,5,3,0.30,0.27
2026-08-05T00:00,48,swell_wave_period,5,3,2.65,2.60
2026-08-05T00:00,48,swell_wave_direction,5,3,15.00,13.00
2026-08-05T01:00,49,swell_wave_height,5,3,0.30,0.27
2026-08-05T01:00,49,swell_wave_period,5,3,2.75,2.65
2026-08-05T01:00,49,swell_wave_direction,5,3,15.00,13.50
2026-08-05T02:00,50,swell_wave_height,5,3,0.28,0.26
2026-08-05T02:00,50,swell_wave_period,5,3,2.95,2.85
2026-08-05T02:00,50,swell_wave_direction,5,3,16.00,14.50
2026-08-05T03:00,51,swell_wave_height,5,3,0.30,0.27
2026-08-05T03:00,51,swell_wave_period,5,3,3.10,3.03
2026-08-05T03:00,51,swell_wave_direction,5,3,17.00,15.50
2026-08-05T04:00,52,swell_wave_height,5,3,0.30,0.27
2026-08-05T04:00,52,swell_wave_period,5,3,3.00,2.93
2026-08-05T04:00,52,swell_wave_direction,5,3,18.00,16.50
2026-08-05T05:00,53,swell_wave_height,5,3,0.30,0.28
2026-08-05T05:00,53,swell_wave_period,5,3,2.25,2.15
2026-08-05T05:00,53,swell_wave_direction,5,3,12.00,10.00
2026-08-05T06:00,54,swell_wave_height,5,3,0.32,0.28
2026-08-05T06:00,54,swell_wave_period,5,3,1.20,1.10
2026-08-05T06:00,54,swell_wave_direction,5,3,24.00,24.00
2026-08-05T07:00,55,swell_wave_height,5,3,0.38,0.34
2026-08-05T07:00,55,swell_wave_period,5,3,0.45,0.33
2026-08-05T07:00,55,swell_wave_direction,5,3,47.00,46.50
2026-08-05T08:00,56,swell_wave_height,5,3,0.36,0.33
2026-08-05T08:00,56,swell_wave_period,5,3,0.30,0.20
2026-08-05T08:00,56,swell_wave_direction,5,3,47.00,46.00
2026-08-05T09:00,57,swell_wave_height,5,3,0.42,0.39
2026-08-05T09:00,57,swell_wave_period,5,3,0.80,0.42
2026-08-05T09:00,57,swell_wave_direction,5,3,45.00,32.50
2026-08-05T10:00,58,swell_wave_height,5,3,0.42,0.39
2026-08-05T10:00,58,swell_wave_period,5,3,0.90,0.55
2026-08-05T10:00,58,swell_wave_direction,5,3,45.00,32.50
2026-08-05T11:00,59,swell_wave_height,5,3,0.42,0.39
2026-08-05T11:00,59,swell_wave_period,5,3,0.90,0.58
2026-08-05T11:00,59,swell_wave_direction,5,3,46.00,33.00
2026-08-05T12:00,60,swell_wave_height,5,3,0.44,0.39
2026-08-05T12:00,60,swell_wave_period,5,3,1.00,0.68
2026-08-05T12:00,60,swell_wave_direction,5,3,47.00,34.00
2026-08-05T13:00,61,swell_wave_height,5,3,0.46,0.41
2026-08-05T13:00,61,swell_wave_period,5,3,1.05,0.70
2026-08-05T13:00,61,swell_wave_direction,5,3,46.00,33.50
2026-08-05T14:00,62,swell_wave_height,5,3,0.46,0.40
2026-08-05T14:00,62,swell_wave_period,5,3,1.75,1.70
2026-08-05T14:00,62,swell_wave_direction,5,3,29.00,28.50
2026-08-05T15:00,63,swell_wave_height,5,3,0.46,0.41
2026-08-05T15:00,63,swell_wave_period,5,3,1.85,1.80
2026-08-05T15:00,63,swell_wave_direction,5,3,29.00,27.50
2026-08-05T16:00,64,swell_wave_height,5,3,0.46,0.41
2026-08-05T16:00,64,swell_wave_period,5,3,1.95,1.90
2026-08-05T16:00,64,swell_wave_direction,5,3,27.00,26.00
2026-08-05T17:00,65,swell_wave_height,5,3,0.44,0.40
2026-08-05T17:00,65,swell_wave_period,5,3,2.00,1.95
2026-08-05T17:00,65,swell_wave_direction,5,3,26.00,24.50
2026-08-05T18:00,66,swell_wave_height,5,3,0.42,0.38
2026-08-05T18:00,66,swell_wave_period,5,3,2.00,1.97
2026-08-05T18:00,66,swell_wave_direction,5,3,26.00,25.50
2026-08-05T19:00,67,swell_wave_height,5,3,0.52,0.46
2026-08-05T19:00,67,swell_wave_period,5,3,1.90,1.50
2026-08-05T19:00,67,swell_wave_direction,5,3,26.00,26.00
2026-08-05T20:00,68,swell_wave_height,5,3,0.62,0.56
2026-08-05T20:00,68,swell_wave_period,5,3,0.55,0.45
2026-08-05T20:00,68,swell_wave_direction,5,3,51.00,50.50
2026-08-05T21:00,69,swell_wave_height,5,3,0.68,0.66
2026-08-05T21:00,69,swell_wave_period,5,3,0.45,0.40
2026-08-05T21:00,69,swell_wave_direction,5,3,50.00,49.50
2026-08-05T22:00,70,swell_wave_height,5,3,0.78,0.66
2026-08-05T22:00,70,swell_wave_period,5,3,0.50,0.33
2026-08-05T22:00,70,swell_wave_direction,5,3,53.00,52.50
2026-08-05T23:00,71,swell_wave_height,5,3,0.70,0.61
2026-08-05T23:00,71,swell_wave_period,5,3,0.35,0.18
2026-08-05T23:00,71,swell_wave_direction,5,3,49.00,48.50
2026-08-06T00:00,72,swell_wave_height,5,3,0.80,0.74
2026-08-06T00:00,72,swell_wave_period,5,3,0.35,0.22
2026-08-06T00:00,72,swell_wave_direction,5,3,48.00,47.50
2026-08-06T01:00,73,swell_wave_height,5,3,0.66,0.62
2026-08-06T01:00,73,swell_wave_period,5,3,2.50,1.80
2026-08-06T01:00,73,swell_wave_direction,5,3,45.00,44.00
2026-08-06T02:00,74,swell_wave_height,5,3,0.74,0.66
2026-08-06T02:00,74,swell_wave_period,5,3,2.60,2.60
2026-08-06T02:00,74,swell_wave_direction,5,3,45.00,44.50
2026-08-06T03:00,75,swell_wave_height,5,3,0.82,0.69
2026-08-06T03:00,75,swell_wave_period,5,3,2.65,2.65
2026-08-06T03:00,75,swell_wave_direction,5,3,45.00,43.50
2026-08-06T04:00,76,swell_wave_height,5,3,0.92,0.91
2026-08-06T04:00,76,swell_wave_period,5,3,2.70,2.62
2026-08-06T04:00,76,swell_wave_direction,5,3,45.00,43.50
2026-08-06T05:00,77,swell_wave_height,5,3,0.96,0.95
2026-08-06T05:00,77,swell_wave_period,5,3,2.75,2.65
2026-08-06T05:00,77,swell_wave_direction,5,3,46.00,45.00
2026-08-06T06:00,78,swell_wave_height,5,3,1.04,1.01
2026-08-06T06:00,78,swell_wave_period,5,3,3.05,2.90
2026-08-06T06:00,78,swell_wave_direction,5,3,47.00,45.50
2026-08-06T07:00,79,swell_wave_height,5,3,0.92,0.84
2026-08-06T07:00,79,swell_wave_period,5,3,2.20,1.85
2026-08-06T07:00,79,swell_wave_direction,5,3,25.00,11.50
2026-08-06T08:00,80,swell_wave_height,4,3,1.02,1.01
2026-08-06T08:00,80,swell_wave_period,4,3,2.70,2.70
2026-08-06T08:00,80,swell_wave_direction,4,3,46.00,45.00
2026-08-06T09:00,81,swell_wave_height,4,3,1.02,1.02
2026-08-06T09:00,81,swell_wave_period,4,3,2.65,2.65
2026-08-06T09:00,81,swell_wave_direction,4,3,47.00,46.00
2026-08-06T10:00,82,swell_wave_height,4,3,1.04,1.03
2026-08-06T10:00,82,swell_wave_period,4,3,2.65,2.62
2026-08-06T10:00,82,swell_wave_direction,4,3,47.00,46.00
2026-08-06T11:00,83,swell_wave_height,4,3,0.90,0.85
2026-08-06T11:00,83,swell_wave_period,4,3,2.20,1.98
2026-08-06T11:00,83,swell_wave_direction,4,3,25.00,11.50
2026-08-06T12:00,84,swell_wave_height,4,3,1.02,1.01
2026-08-06T12:00,84,swell_wave_period,4,3,2.65,2.65
2026-08-06T12:00,84,swell_wave_direction,4,3,48.00,47.00
2026-08-06T13:00,85,swell_wave_height,4,3,0.88,0.83
2026-08-06T13:00,85,swell_wave_period,4,3,2.20,1.98
2026-08-06T13:00,85,swell_wave_direction,4,3,26.00,13.00
2026-08-06T14:00,86,swell_wave_height,4,3,0.78,0.75
2026-08-06T14:00,86,swell_wave_period,4,3,1.75,1.73
2026-08-06T14:00,86,swell_wave_direction,4,3,10.00,9.50
2026-08-06T15:00,87,swell_wave_height,4,3,0.84,0.79
2026-08-06T15:00,87,swell_wave_period,4,3,2.15,1.95
2026-08-06T15:00,87,swell_wave_direction,4,3,26.00,12.00
2026-08-06T16:00,88,swell_wave_height,4,3,0.94,0.93
2026-08-06T16:00,88,swell_wave_period,4,3,2.60,2.58
2026-08-06T16:00,88,swell_wave_direction,4,3,48.00,47.00
2026-08-06T17:00,89,swell_wave_height,4,3,0.90,0.89
2026-08-06T17:00,89,swell_wave_period,4,3,2.50,2.50
2026-08-06T17:00,89,swell_wave_direction,4,3,49.00,48.00
2026-08-06T18:00,90,swell_wave_height,4,3,0.86,0.86
2026-08-06T18:00,90,swell_wave_period,4,3,2.35,2.35
2026-08-06T18:00,90,swell_wave_direction,4,3,50.00,49.00
2026-08-06T19:00,91,swell_wave_height,4,3,0.82,0.82
2026-08-06T19:00,91,swell_wave_period,4,3,2.45,2.43
2026-08-06T19:00,91,swell_wave_direction,4,3,52.00,51.00
2026-08-06T20:00,92,swell_wave_height,4,3,0.86,0.86
2026-08-06T20:00,92,swell_wave_period,4,3,3.15,3.12
2026-08-06T20:00,92,swell_wave_direction,4,3,46.00,45.00
2026-08-06T21:00,93,swell_wave_height,4,3,0.92,0.91
2026-08-06T21:00,93,swell_wave_period,4,3,3.95,3.87
2026-08-06T21:00,93,swell_wave_direction,4,3,43.00,41.50
2026-08-06T22:00,94,swell_wave_height,4,3,0.96,0.95
2026-08-06T22:00,94,swell_wave_period,4,3,4.45,4.40
2026-08-06T22:00,94,swell_wave_direction,4,3,43.00,41.50
2026-08-06T23:00,95,swell_wave_height,4,3,0.98,0.97
2026-08-06T23:00,95,swell_wave_period,4,3,4.60,4.55
2026-08-06T23:00,95,swell_wave_direction,4,3,45.00,44.50
2026-08-07T00:00,96,swell_wave_height,4,3,1.00,0.99
2026-08-07T00:00,96,swell_wave_period,4,3,4.05,4.05
2026-08-07T00:00,96,swell_wave_direction,4,3,45.00,44.50
2026-08-07T01:00,97,swell_wave_height,4,3,1.00,0.99
2026-08-07T01:00,97,swell_wave_period,4,3,3.75,3.72
2026-08-07T01:00,97,swell_wave_direction,4,3,46.00,45.00
2026-08-07T02:00,98,swell_wave_height,4,3,1.02,0.96
2026-08-07T02:00,98,swell_wave_period,4,3,3.75,3.75
2026-08-07T02:00,98,swell_wave_direction,4,3,45.00,29.50
2026-08-07T03:00,99,swell_wave_height,4,3,1.04,0.99
2026-08-07T03:00,99,swell_wave_period,4,3,3.90,3.88
2026-08-07T03:00,99,swell_wave_direction,4,3,47.00,31.00
2026-08-07T04:00,100,swell_wave_height,4,3,1.04,1.04
2026-08-07T04:00,100,swell_wave_period,4,3,4.20,4.20
2026-08-07T04:00,100,swell_wave_direction,4,3,47.00,46.50
2026-08-07T05:00,101,swell_wave_height,4,3,0.58,0.13
2026-08-07T05:00,101,swell_wave_period,4,3,3.20,2.73
2026-08-07T05:00,101,swell_wave_direction,4,3,26.00,10.00
2026-08-07T06:00,102,swell_wave_height,4,3,0.58,0.15
2026-08-07T06:00,102,swell_wave_period,4,3,3.25,2.80
2026-08-07T06:00,102,swell_wave_direction,4,3,26.00,11.00
2026-08-07T07:00,103,swell_wave_height,4,3,0.56,0.16
2026-08-07T07:00,103,swell_wave_period,4,3,3.25,2.80
2026-08-07T07:00,103,swell_wave_direction,4,3,26.00,11.00
2026-08-07T08:00,104,swell_wave_height,4,3,1.02,1.01
2026-08-07T08:00,104,swell_wave_period,4,3,4.10,4.05
2026-08-07T08:00,104,swell_wave_direction,4,3,49.00,49.00
2026-08-07T09:00,105,swell_wave_height,4,3,1.00,0.99
2026-08-07T09:00,105,swell_wave_period,4,3,4.10,4.05
2026-08-07T09:00,105,swell_wave_direction,4,3,49.00,48.50
2026-08-07T10:00,106,swell_wave_height,4,3,0.98,0.98
2026-08-07T10:00,106,swell_wave_period,4,3,4.10,4.05
2026-08-07T10:00,106,swell_wave_direction,4,3,49.00,49.00
2026-08-07T11:00,107,swell_wave_height,4,3,0.96,0.96
2026-08-07T11:00,107,swell_wave_period,4,3,4.05,4.05
2026-08-07T11:00,107,swell_wave_direction,4,3,51.00,50.50
2026-08-07T12:00,108,swell_wave_height,4,3,0.94,0.94
2026-08-07T12:00,108,swell_wave_period,4,3,3.85,3.85
2026-08-07T12:00,108,swell_wave_direction,4,3,56.00,55.00
2026-08-07T13:00,109,swell_wave_height,4,3,0.92,0.65
2026-08-07T13:00,109,swell_wave_period,4,3,3.65,3.17
2026-08-07T13:00,109,swell_wave_direction,4,3,59.00,46.00
2026-08-07T14:00,110,swell_wave_height,4,3,0.88,0.88
2026-08-07T14:00,110,swell_wave_period,4,3,3.45,3.42
2026-08-07T14:00,110,swell_wave_direction,4,3,58.00,57.00
2026-08-07T15:00,111,swell_wave_height,4,3,0.96,0.95
2026-08-07T15:00,111,swell_wave_period,4,3,3.35,3.32
2026-08-07T15:00,111,swell_wave_direction,4,3,57.00,56.00
2026-08-07T16:00,112,swell_wave_height,4,3,1.02,1.01
2026-08-07T16:00,112,swell_wave_period,4,3,3.30,3.27
2026-08-07T16:00,112,swell_wave_direction,4,3,56.00,55.00
2026-08-07T17:00,113,swell_wave_height,4,3,0.98,0.97
2026-08-07T17:00,113,swell_wave_period,4,3,3.20,3.20
2026-08-07T17:00,113,swell_wave_direction,4,3,56.00,55.00
2026-08-07T18:00,114,swell_wave_height,4,3,0.94,0.93
2026-08-07T18:00,114,swell_wave_period,4,3,3.20,3.20
2026-08-07T18:00,114,swell_wave_direction,4,3,55.00,54.00
2026-08-07T19:00,115,swell_wave_height,4,3,0.90,0.89
2026-08-07T19:00,115,swell_wave_period,4,3,3.30,3.30
2026-08-07T19:00,115,swell_wave_direction,4,3,55.00,54.50
2026-08-07T20:00,116,swell_wave_height,4,3,0.88,0.88
2026-08-07T20:00,116,swell_wave_period,4,3,3.45,3.37
2026-08-07T20:00,116,swell_wave_direction,4,3,54.00,37.00
2026-08-07T21:00,117,swell_wave_height,4,3,0.88,0.88
2026-08-07T21:00,117,swell_wave_period,4,3,3.30,3.30
2026-08-07T21:00,117,swell_wave_direction,4,3,55.00,54.00
2026-08-07T22:00,118,swell_wave_height,4,3,0.86,0.86
2026-08-07T22:00,118,swell_wave_period,4,3,3.35,3.33
2026-08-07T22:00,118,swell_wave_direction,4,3,54.00,53.50
2026-08-07T23:00,119,swell_wave_height,4,3,0.86,0.86
2026-08-07T23:00,119,swell_wave_period,4,3,3.30,3.30
2026-08-07T23:00,119,swell_wave_direction,4,3,55.00,54.50
2026-08-08T00:00,120,swell_wave_height,4,3,0.84,0.84
2026-08-08T00:00,120,swell_wave_period,4,3,3.45,3.42
2026-08-08T00:00,120,swell_wave_direction,4,3,55.00,54.00
2026-08-08T01:00,121,swell_wave_height,4,3,0.84,0.84
2026-08-08T01:00,121,swell_wave_period,4,3,3.45,3.45
2026-08-08T01:00,121,swell_wave_direction,4,3,57.00,56.00
2026-08-08T02:00,122,swell_wave_height,4,3,0.82,0.82
2026-08-08T02:00,122,swell_wave_period,4,3,3.60,3.58
2026-08-08T02:00,122,swell_wave_direction,4,3,58.00,57.00
2026-08-08T03:00,123,swell_wave_height,4,3,0.82,0.82
2026-08-08T03:00,123,swell_wave_period,4,3,3.75,3.70
2026-08-08T03:00,123,swell_wave_direction,4,3,58.00,57.00
2026-08-08T04:00,124,swell_wave_height,4,3,0.80,0.80
2026-08-08T04:00,124,swell_wave_period,4,3,3.55,3.55
2026-08-08T04:00,124,swell_wave_direction,4,3,59.00,58.00
2026-08-08T05:00,125,swell_wave_height,4,3,0.68,0.62
2026-08-08T05:00,125,swell_wave_period,4,3,3.10,2.88
2026-08-08T05:00,125,swell_wave_direction,4,3,51.00,45.50
2026-08-08T06:00,126,swell_wave_height,4,3,0.52,0.41
2026-08-08T06:00,126,swell_wave_period,4,3,2.50,1.95
2026-08-08T06:00,126,swell_wave_direction,4,3,42.00,32.00
2026-08-08T07:00,127,swell_wave_height,4,3,0.40,0.23
2026-08-08T07:00,127,swell_wave_period,4,3,2.20,1.50
2026-08-08T07:00,127,swell_wave_direction,4,3,34.00,19.50
2026-08-08T08:00,128,swell_wave_height,4,3,0.48,0.37
2026-08-08T08:00,128,swell_wave_period,4,3,2.55,1.98
2026-08-08T08:00,128,swell_wave_direction,4,3,43.00,33.00
2026-08-08T09:00,129,swell_wave_height,4,3,0.56,0.51
2026-08-08T09:00,129,swell_wave_period,4,3,3.15,2.88
2026-08-08T09:00,129,swell_wave_direction,4,3,54.00,48.50
2026-08-08T10:00,130,swell_wave_height,4,3,0.66,0.65
2026-08-08T10:00,130,swell_wave_period,4,3,3.50,3.50
2026-08-08T10:00,130,swell_wave_direction,4,3,63.00,62.00
2026-08-08T11:00,131,swell_wave_height,4,3,0.62,0.56
2026-08-08T11:00,131,swell_wave_period,4,3,3.70,3.43
2026-08-08T11:00,131,swell_wave_direction,4,3,62.00,58.00
2026-08-08T12:00,132,swell_wave_height,4,3,0.60,0.50
2026-08-08T12:00,132,swell_wave_period,4,3,3.50,2.95
2026-08-08T12:00,132,swell_wave_direction,4,3,63.00,53.00
2026-08-08T13:00,133,swell_wave_height,4,3,0.56,0.41
2026-08-08T13:00,133,swell_wave_period,4,3,3.40,2.72
2026-08-08T13:00,133,swell_wave_direction,4,3,64.00,49.00
2026-08-08T14:00,134,swell_wave_height,4,3,0.54,0.44
2026-08-08T14:00,134,swell_wave_period,4,3,3.40,2.88
2026-08-08T14:00,134,swell_wave_direction,4,3,64.00,54.50
2026-08-08T15:00,135,swell_wave_height,4,3,0.50,0.44
2026-08-08T15:00,135,swell_wave_period,4,3,3.40,3.18
2026-08-08T15:00,135,swell_wave_direction,4,3,66.00,61.00
2026-08-08T16:00,136,swell_wave_height,4,3,0.48,0.47
2026-08-08T16:00,136,swell_wave_period,4,3,3.45,3.45
2026-08-08T16:00,136,swell_wave_direction,4,3,67.00,66.50
2026-08-08T17:00,137,swell_wave_height,4,3,0.46,0.45
2026-08-08T17:00,137,swell_wave_period,4,3,3.50,3.45
2026-08-08T17:00,137,swell_wave_direction,4,3,67.00,66.00
2026-08-08T18:00,138,swell_wave_height,4,3,0.50,0.49
2026-08-08T18:00,138,swell_wave_period,4,3,3.45,3.43
2026-08-08T18:00,138,swell_wave_direction,4,3,67.00,66.50
2026-08-08T19:00,139,swell_wave_height,4,3,0.50,0.49
2026-08-08T19:00,139,swell_wave_period,4,3,3.35,3.35
2026-08-08T19:00,139,swell_wave_direction,4,3,67.00,66.00
2026-08-08T20:00,140,swell_wave_height,4,3,0.50,0.49
2026-08-08T20:00,140,swell_wave_period,4,3,3.30,3.28
2026-08-08T20:00,140,swell_wave_direction,4,3,67.00,66.50
2026-08-08T21:00,141,swell_wave_height,4,3,0.50,0.50
2026-08-08T21:00,141,swell_wave_period,4,3,3.25,3.18
2026-08-08T21:00,141,swell_wave_direction,4,3,68.00,67.00
2026-08-08T22:00,142,swell_wave_height,4,3,0.50,0.50
2026-08-08T22:00,142,swell_wave_period,4,3,3.20,3.20
2026-08-08T22:00,142,swell_wave_direction,4,3,68.00,67.50
2026-08-08T23:00,143,swell_wave_height,4,3,0.50,0.50
2026-08-08T23:00,143,swell_wave_period,4,3,3.70,3.45
2026-08-08T23:00,143,swell_wave_direction,4,3,67.00,63.00
2026-08-09T00:00,144,swell_wave_height,4,3,0.52,0.51
2026-08-09T00:00,144,swell_wave_period,4,3,4.40,3.82
2026-08-09T00:00,144,swell_wave_direction,4,3,69.00,60.00
2026-08-09T01:00,145,swell_wave_height,4,3,0.52,0.51
2026-08-09T01:00,145,swell_wave_period,4,3,4.90,4.10
2026-08-09T01:00,145,swell_wave_direction,4,3,69.00,55.50
2026-08-09T02:00,146,swell_wave_height,4,3,0.50,0.49
2026-08-09T02:00,146,swell_wave_period,4,3,5.15,4.32
2026-08-09T02:00,146,swell_wave_direction,4,3,69.00,55.50
2026-08-09T03:00,147,swell_wave_height,4,3,0.52,0.51
2026-08-09T03:00,147,swell_wave_period,4,3,5.15,4.42
2026-08-09T03:00,147,swell_wave_direction,4,3,68.00,56.00
2026-08-09T04:00,148,swell_wave_height,4,3,0.50,0.49
2026-08-09T04:00,148,swell_wave_period,4,3,4.75,4.08
2026-08-09T04:00,148,swell_wave_direction,4,3,68.00,57.00
2026-08-09T05:00,149,swell_wave_height,4,3,0.46,0.45
2026-08-09T05:00,149,swell_wave_period,4,3,3.45,2.73
2026-08-09T05:00,149,swell_wave_direction,4,3,34.00,34.00
2026-08-09T06:00,150,swell_wave_height,4,3,0.42,0.41
2026-08-09T06:00,150,swell_wave_period,4,3,1.75,1.35
2026-08-09T06:00,150,swell_wave_direction,4,3,29.00,23.50
2026-08-09T07:00,151,swell_wave_height,4,3,0.38,0.37
2026-08-09T07:00,151,swell_wave_period,4,3,2.10,1.30
2026-08-09T07:00,151,swell_wave_direction,4,3,63.00,48.00
2026-08-09T08:00,152,swell_wave_height,4,3,0.38,0.37
2026-08-09T08:00,152,swell_wave_period,4,3,1.50,1.05
2026-08-09T08:00,152,swell_wave_direction,4,3,44.00,34.00
2026-08-09T09:00,153,swell_wave_height,4,3,0.36,0.35
2026-08-09T09:00,153,swell_wave_period,4,3,1.30,1.10
2026-08-09T09:00,153,swell_wave_direction,4,3,27.00,21.50
2026-08-09T10:00,154,swell_wave_height,4,3,0.36,0.35
2026-08-09T10:00,154,swell_wave_period,4,3,1.90,1.85
2026-08-09T10:00,154,swell_wave_direction,4,3,15.00,15.00
2026-08-09T11:00,155,swell_wave_height,4,3,0.34,0.33
2026-08-09T11:00,155,swell_wave_period,4,3,2.00,1.90
2026-08-09T11:00,155,swell_wave_direction,4,3,15.00,15.00
2026-08-09T12:00,156,swell_wave_height,4,3,0.34,0.33
2026-08-09T12:00,156,swell_wave_period,4,3,1.75,1.70
2026-08-09T12:00,156,swell_wave_direction,4,3,15.00,15.00
2026-08-09T13:00,157,swell_wave_height,4,3,0.32,0.31
2026-08-09T13:00,157,swell_wave_period,4,3,1.50,1.50
2026-08-09T13:00,157,swell_wave_direction,4,3,15.00,15.00
2026-08-09T14:00,158,swell_wave_height,4,3,0.32,0.31
2026-08-09T14:00,158,swell_wave_period,4,3,1.45,1.45
2026-08-09T14:00,158,swell_wave_direction,4,3,15.00,15.00
2026-08-09T15:00,159,swell_wave_height,4,3,0.28,0.27
2026-08-09T15:00,159,swell_wave_period,4,3,1.40,1.40
2026-08-09T15:00,159,swell_wave_direction,4,3,16.00,16.00
2026-08-09T16:00,160,swell_wave_height,4,3,0.28,0.27
2026-08-09T16:00,160,swell_wave_period,4,3,1.40,1.40
2026-08-09T16:00,160,swell_wave_direction,4,3,16.00,16.00
2026-08-09T17:00,161,swell_wave_height,4,3,0.28,0.27
2026-08-09T17:00,161,swell_wave_period,4,3,1.50,1.50
2026-08-09T17:00,161,swell_wave_direction,4,3,16.00,16.00
2026-08-09T18:00,162,swell_wave_height,4,3,0.26,0.25
2026-08-09T18:00,162,swell_wave_period,4,3,1.55,1.53
2026-08-09T18:00,162,swell_wave_direction,4,3,17.00,17.00
2026-08-09T19:00,163,swell_wave_height,4,3,0.26,0.25
2026-08-09T19:00,163,swell_wave_period,4,3,1.35,1.35
2026-08-09T19:00,163,swell_wave_direction,4,3,17.00,17.00
2026-08-09T20:00,164,swell_wave_height,4,3,0.26,0.25
2026-08-09T20:00,164,swell_wave_period,4,3,0.65,0.65
2026-08-09T20:00,164,swell_wave_direction,4,3,15.00,14.50
2026-08-09T21:00,165,swell_wave_height,4,3,0.26,0.25
2026-08-09T21:00,165,swell_wave_period,4,3,0.45,0.45
2026-08-09T21:00,165,swell_wave_direction,4,3,36.00,36.00
2026-08-09T22:00,166,swell_wave_height,4,3,0.26,0.25
2026-08-09T22:00,166,swell_wave_period,4,3,1.20,1.20
2026-08-09T22:00,166,swell_wave_direction,4,3,58.00,58.00
2026-08-09T23:00,167,swell_wave_height,4,3,0.26,0.25
2026-08-09T23:00,167,swell_wave_period,4,3,1.40,1.38
2026-08-09T23:00,167,swell_wave_direction,4,3,58.00,58.00
