lead_days,terms,bin_low,bin_high,hours,mean_predicted,observed_frequency
1,shipped,0.0,0.1,3793,0.0033,0.0008
1,shipped,0.1,0.2,185,0.151,0.1081
1,shipped,0.2,0.3,70,0.2432,0.1571
1,shipped,0.3,0.4,111,0.3355,0.3423
1,shipped,0.4,0.5,29,0.424,0.4138
1,shipped,0.5,0.6,93,0.5454,0.6667
1,shipped,0.6,0.7,62,0.6581,0.8871
1,shipped,0.7,0.8,44,0.7431,1.0
1,shipped,0.8,0.9,89,0.8444,0.9888
1,shipped,0.9,1.0,1676,0.9911,0.997
1,drift only,0.0,0.1,3978,0.0021,0.0058
1,drift only,0.1,0.2,113,0.1589,0.2389
1,drift only,0.2,0.3,34,0.242,0.2647
1,drift only,0.3,0.4,63,0.3424,0.3968
1,drift only,0.4,0.5,33,0.48,0.5758
1,drift only,0.5,0.6,31,0.568,0.6129
1,drift only,0.6,0.7,29,0.644,0.8276
1,drift only,0.7,0.8,62,0.7455,0.8871
1,drift only,0.8,0.9,44,0.8587,1.0
1,drift only,0.9,1.0,1765,0.9961,0.9966
2,shipped,0.0,0.1,3633,0.0054,0.0022
2,shipped,0.1,0.2,178,0.1498,0.0843
2,shipped,0.2,0.3,127,0.2423,0.2677
2,shipped,0.3,0.4,110,0.3404,0.4091
2,shipped,0.4,0.5,93,0.4295,0.5376
2,shipped,0.5,0.6,123,0.5328,0.561
2,shipped,0.6,0.7,121,0.6442,0.7025
2,shipped,0.7,0.8,122,0.7682,0.8033
2,shipped,0.8,0.9,215,0.8443,0.9209
2,shipped,0.9,1.0,1406,0.9942,0.9972
2,drift only,0.0,0.1,3716,0.0035,0.003
2,drift only,0.1,0.2,165,0.1477,0.2
2,drift only,0.2,0.3,86,0.2429,0.2558
2,drift only,0.3,0.4,122,0.3422,0.4672
2,drift only,0.4,0.5,97,0.4574,0.567
2,drift only,0.5,0.6,78,0.5557,0.5513
2,drift only,0.6,0.7,95,0.6542,0.7158
2,drift only,0.7,0.8,77,0.773,0.7662
2,drift only,0.8,0.9,220,0.8463,0.8864
2,drift only,0.9,1.0,1472,0.9923,0.9925
3,shipped,0.0,0.1,3490,0.0063,0.0003
3,shipped,0.1,0.2,243,0.1472,0.0905
3,shipped,0.2,0.3,150,0.2404,0.2667
3,shipped,0.3,0.4,113,0.3355,0.4159
3,shipped,0.4,0.5,105,0.4529,0.5333
3,shipped,0.5,0.6,106,0.5555,0.5755
3,shipped,0.6,0.7,145,0.6486,0.6414
3,shipped,0.7,0.8,159,0.7609,0.7799
3,shipped,0.8,0.9,207,0.8376,0.8647
3,shipped,0.9,1.0,1386,0.9923,0.9964
3,drift only,0.0,0.1,3568,0.0048,0.0017
3,drift only,0.1,0.2,243,0.1478,0.1358
3,drift only,0.2,0.3,112,0.246,0.3393
3,drift only,0.3,0.4,109,0.3514,0.4495
3,drift only,0.4,0.5,69,0.4597,0.5797
3,drift only,0.5,0.6,106,0.5589,0.5755
3,drift only,0.6,0.7,116,0.6573,0.6379
3,drift only,0.7,0.8,145,0.7635,0.7724
3,drift only,0.8,0.9,222,0.8392,0.8378
3,drift only,0.9,1.0,1414,0.9926,0.9936
4,shipped,0.0,0.1,3322,0.0066,0.0
4,shipped,0.1,0.2,382,0.1453,0.1126
4,shipped,0.2,0.3,176,0.2402,0.2386
4,shipped,0.3,0.4,139,0.3511,0.3453
4,shipped,0.4,0.5,59,0.4406,0.5254
4,shipped,0.5,0.6,156,0.548,0.7051
4,shipped,0.6,0.7,89,0.6566,0.7303
4,shipped,0.7,0.8,262,0.7549,0.7443
4,shipped,0.8,0.9,221,0.8431,0.8914
4,shipped,0.9,1.0,1274,0.9914,0.9992
4,drift only,0.0,0.1,3405,0.0061,0.0
4,drift only,0.1,0.2,351,0.144,0.151
4,drift only,0.2,0.3,152,0.2421,0.2961
4,drift only,0.3,0.4,111,0.3499,0.3153
4,drift only,0.4,0.5,90,0.4544,0.5889
4,drift only,0.5,0.6,90,0.5517,0.7111
4,drift only,0.6,0.7,107,0.6436,0.729
4,drift only,0.7,0.8,227,0.7584,0.7445
4,drift only,0.8,0.9,247,0.838,0.8462
4,drift only,0.9,1.0,1300,0.9909,0.9985
5,shipped,0.0,0.1,3196,0.0086,0.0009
5,shipped,0.1,0.2,358,0.1479,0.081
5,shipped,0.2,0.3,234,0.2423,0.2009
5,shipped,0.3,0.4,165,0.344,0.3273
5,shipped,0.4,0.5,141,0.4341,0.4681
5,shipped,0.5,0.6,134,0.5533,0.6119
5,shipped,0.6,0.7,124,0.6512,0.7742
5,shipped,0.7,0.8,277,0.7451,0.8375
5,shipped,0.8,0.9,224,0.853,0.8795
5,shipped,0.9,1.0,1203,0.9867,0.9958
5,drift only,0.0,0.1,3223,0.0072,0.0009
5,drift only,0.1,0.2,367,0.1428,0.0899
5,drift only,0.2,0.3,198,0.2368,0.2172
5,drift only,0.3,0.4,207,0.3472,0.3527
5,drift only,0.4,0.5,99,0.4447,0.4747
5,drift only,0.5,0.6,134,0.5545,0.6119
5,drift only,0.6,0.7,124,0.6575,0.7742
5,drift only,0.7,0.8,258,0.7502,0.8256
5,drift only,0.8,0.9,222,0.8488,0.8919
5,drift only,0.9,1.0,1224,0.9867,0.9935
6,shipped,0.0,0.1,3005,0.0125,0.0033
6,shipped,0.1,0.2,453,0.1471,0.0927
6,shipped,0.2,0.3,297,0.2391,0.229
6,shipped,0.3,0.4,176,0.3495,0.3693
6,shipped,0.4,0.5,131,0.4369,0.4122
6,shipped,0.5,0.6,136,0.5473,0.4926
6,shipped,0.6,0.7,157,0.6541,0.6497
6,shipped,0.7,0.8,190,0.7572,0.8316
6,shipped,0.8,0.9,273,0.8518,0.9341
6,shipped,0.9,1.0,1214,0.984,0.9745
6,drift only,0.0,0.1,3031,0.0109,0.0033
6,drift only,0.1,0.2,477,0.1455,0.109
6,drift only,0.2,0.3,247,0.2382,0.2348
6,drift only,0.3,0.4,176,0.3433,0.3693
6,drift only,0.4,0.5,131,0.4318,0.4122
6,drift only,0.5,0.6,136,0.5474,0.4926
6,drift only,0.6,0.7,157,0.6609,0.6497
6,drift only,0.7,0.8,174,0.7594,0.8161
6,drift only,0.8,0.9,279,0.8511,0.9355
6,drift only,0.9,1.0,1224,0.9847,0.9747
7,shipped,0.0,0.1,2679,0.0202,0.0157
7,shipped,0.1,0.2,693,0.1444,0.1126
7,shipped,0.2,0.3,321,0.2463,0.1246
7,shipped,0.3,0.4,249,0.3488,0.3333
7,shipped,0.4,0.5,129,0.4462,0.4884
7,shipped,0.5,0.6,147,0.5489,0.5714
7,shipped,0.6,0.7,209,0.654,0.7608
7,shipped,0.7,0.8,109,0.7688,0.7248
7,shipped,0.8,0.9,261,0.8439,0.8851
7,shipped,0.9,1.0,1211,0.9814,0.9455
7,drift only,0.0,0.1,2720,0.0189,0.0162
7,drift only,0.1,0.2,689,0.1437,0.119
7,drift only,0.2,0.3,284,0.247,0.1197
7,drift only,0.3,0.4,249,0.3446,0.3333
7,drift only,0.4,0.5,129,0.4435,0.4884
7,drift only,0.5,0.6,147,0.5502,0.5714
7,drift only,0.6,0.7,209,0.6576,0.7608
7,drift only,0.7,0.8,109,0.7723,0.7248
7,drift only,0.8,0.9,249,0.8449,0.8795
7,drift only,0.9,1.0,1223,0.9817,0.946
