variable,unit,reference,lead_time_days,subset,hours,bias,mae,rmse,drift,bias_share,p5,p95
wave_height,m,open-meteo day 0,1,all hours,6152,-0.0016,0.0583,0.0951,0.0951,0.0003,-0.1600,0.1400
wave_height,m,open-meteo day 0,1,big swell,1634,0.0122,0.0873,0.1308,0.1303,0.0087,-0.1800,0.2470
wave_height,m,open-meteo day 0,2,all hours,6128,0.0018,0.1209,0.1773,0.1773,0.0001,-0.2400,0.3330
wave_height,m,open-meteo day 0,2,big swell,1634,0.0388,0.1999,0.2700,0.2672,0.0207,-0.3400,0.5000
wave_height,m,open-meteo day 0,3,all hours,6104,0.0077,0.1493,0.2175,0.2174,0.0013,-0.3000,0.4200
wave_height,m,open-meteo day 0,3,big swell,1634,0.0337,0.2592,0.3366,0.3349,0.0100,-0.4600,0.6200
wave_height,m,open-meteo day 0,4,all hours,6080,-0.0124,0.1818,0.2712,0.2710,0.0021,-0.4200,0.4600
wave_height,m,open-meteo day 0,4,big swell,1634,-0.0051,0.3287,0.4344,0.4344,0.0001,-0.6270,0.7000
wave_height,m,open-meteo day 0,5,all hours,6056,-0.0210,0.2260,0.3445,0.3438,0.0037,-0.5200,0.5400
wave_height,m,open-meteo day 0,5,big swell,1634,-0.0452,0.4028,0.5486,0.5467,0.0068,-0.8200,0.8600
wave_height,m,open-meteo day 0,6,all hours,6032,-0.0320,0.2758,0.4044,0.4031,0.0062,-0.7000,0.6000
wave_height,m,open-meteo day 0,6,big swell,1634,-0.1382,0.4726,0.6217,0.6061,0.0494,-1.1200,0.8400
wave_height,m,open-meteo day 0,7,all hours,6008,-0.0499,0.3562,0.5200,0.5176,0.0092,-0.9000,0.7400
wave_height,m,open-meteo day 0,7,big swell,1634,-0.2302,0.5752,0.7530,0.7169,0.0935,-1.2400,0.9670
wave_period,s,open-meteo day 0,1,all hours,6152,-0.0354,0.1530,0.2327,0.2300,0.0231,-0.4000,0.3000
wave_period,s,open-meteo day 0,1,big swell,1634,-0.0221,0.1574,0.2286,0.2276,0.0093,-0.4000,0.3500
wave_period,s,open-meteo day 0,2,all hours,6128,-0.0609,0.2993,0.4036,0.3990,0.0228,-0.7000,0.6000
wave_period,s,open-meteo day 0,2,big swell,1634,0.0497,0.3253,0.4060,0.4029,0.0150,-0.6000,0.7500
wave_period,s,open-meteo day 0,3,all hours,6104,-0.0619,0.3727,0.4925,0.4886,0.0158,-0.8500,0.7500
wave_period,s,open-meteo day 0,3,big swell,1634,0.0402,0.4274,0.5421,0.5406,0.0055,-0.9000,0.9000
wave_period,s,open-meteo day 0,4,all hours,6080,-0.1450,0.4411,0.5926,0.5746,0.0598,-1.1000,0.7500
wave_period,s,open-meteo day 0,4,big swell,1634,-0.0364,0.5178,0.6793,0.6783,0.0029,-1.2500,1.0000
wave_period,s,open-meteo day 0,5,all hours,6056,-0.2061,0.5157,0.7000,0.6690,0.0867,-1.3500,0.8000
wave_period,s,open-meteo day 0,5,big swell,1634,-0.0747,0.5917,0.7681,0.7644,0.0095,-1.4500,1.1000
wave_period,s,open-meteo day 0,6,all hours,6032,-0.2431,0.6335,0.8285,0.7921,0.0861,-1.6000,1.0000
wave_period,s,open-meteo day 0,6,big swell,1634,-0.1274,0.7205,0.9344,0.9257,0.0186,-1.7675,1.3500
wave_period,s,open-meteo day 0,7,all hours,6008,-0.2042,0.7790,1.0666,1.0469,0.0366,-1.9000,1.4000
wave_period,s,open-meteo day 0,7,big swell,1634,-0.1607,0.9307,1.2167,1.2060,0.0174,-2.3000,1.6500
wave_direction,°,open-meteo day 0,1,all hours,6152,-0.0102,0.8292,1.6079,1.6079,0.0000,-2.0000,2.0000
wave_direction,°,open-meteo day 0,1,big swell,1634,0.1157,0.7729,1.5710,1.5668,0.0054,-2.0000,2.0000
wave_direction,°,open-meteo day 0,2,all hours,6128,0.1988,1.9523,3.0935,3.0871,0.0041,-4.0000,4.0000
wave_direction,°,open-meteo day 0,2,big swell,1634,0.8097,1.5441,2.3797,2.2377,0.1158,-2.0000,4.0000
wave_direction,°,open-meteo day 0,3,all hours,6104,0.5423,2.5980,3.9340,3.8965,0.0190,-6.0000,5.8500
wave_direction,°,open-meteo day 0,3,big swell,1634,1.0110,2.1334,3.0616,2.8898,0.1090,-3.0000,5.0000
wave_direction,°,open-meteo day 0,4,all hours,6080,0.6086,3.2066,5.1028,5.0664,0.0142,-7.0000,7.0000
wave_direction,°,open-meteo day 0,4,big swell,1634,1.4645,2.7375,3.7260,3.4261,0.1545,-4.0000,7.0000
wave_direction,°,open-meteo day 0,5,all hours,6056,0.9752,4.3303,6.8866,6.8172,0.0201,-9.0000,9.0000
wave_direction,°,open-meteo day 0,5,big swell,1634,1.5196,3.3262,4.3009,4.0235,0.1248,-6.0000,8.0000
wave_direction,°,open-meteo day 0,6,all hours,6032,1.9561,5.9783,9.5795,9.3777,0.0417,-11.0000,16.0000
wave_direction,°,open-meteo day 0,6,big swell,1634,1.2387,4.2803,5.6162,5.4779,0.0486,-9.0000,9.0000
wave_direction,°,open-meteo day 0,7,all hours,6008,2.3923,7.3960,11.9386,11.6964,0.0402,-13.0000,19.0000
wave_direction,°,open-meteo day 0,7,big swell,1634,1.2124,5.5037,7.4433,7.3439,0.0265,-10.0000,12.3500
wind_speed_10m,km/h,open-meteo day 0,1,all hours,6192,-0.2495,2.2187,3.1748,3.1650,0.0062,-5.1000,4.5000
wind_speed_10m,km/h,open-meteo day 0,1,big swell,1653,-0.3330,2.9177,4.1443,4.1309,0.0065,-6.7000,5.6800
wind_speed_10m,km/h,open-meteo day 0,2,all hours,6192,-0.2661,2.9337,4.1868,4.1783,0.0040,-6.8000,6.1000
wind_speed_10m,km/h,open-meteo day 0,2,big swell,1653,-0.1754,3.9639,5.5348,5.5320,0.0010,-8.2400,8.0000
wind_speed_10m,km/h,open-meteo day 0,3,all hours,6192,-0.1814,3.4955,4.9868,4.9835,0.0013,-7.9000,7.5000
wind_speed_10m,km/h,open-meteo day 0,3,big swell,1653,-0.2528,4.7239,6.6779,6.6731,0.0014,-10.2000,9.7000
wind_speed_10m,km/h,open-meteo day 0,4,all hours,6192,-0.1866,4.6688,6.5000,6.4973,0.0008,-10.6000,10.3450
wind_speed_10m,km/h,open-meteo day 0,4,big swell,1653,-0.7837,6.4737,8.7872,8.7522,0.0080,-16.0000,13.7400
wind_speed_10m,km/h,open-meteo day 0,5,all hours,6192,3.6559,7.1129,9.6892,8.9730,0.1424,-9.7000,20.3000
wind_speed_10m,km/h,open-meteo day 0,5,big swell,1653,6.7788,10.2651,12.8446,10.9101,0.2785,-12.0400,25.0000
wind_speed_10m,km/h,open-meteo day 0,6,all hours,6192,3.3305,7.9843,10.6589,10.1253,0.0976,-12.4000,21.5000
wind_speed_10m,km/h,open-meteo day 0,6,big swell,1653,5.6874,10.7898,13.6480,12.4065,0.1737,-15.2000,25.4000
wind_speed_10m,km/h,open-meteo day 0,7,all hours,6192,-0.0977,7.0486,9.4628,9.4623,0.0001,-16.5000,15.2000
wind_speed_10m,km/h,open-meteo day 0,7,big swell,1653,-1.8914,9.3196,12.2350,12.0879,0.0239,-23.4400,16.0400
wind_direction_10m,°,open-meteo day 0,1,all hours,6192,-0.1701,12.2363,22.9937,22.9931,0.0001,-29.0000,27.0000
wind_direction_10m,°,open-meteo day 0,1,big swell,1653,-0.9383,11.4682,20.9599,20.9389,0.0020,-30.0000,23.0000
wind_direction_10m,°,open-meteo day 0,2,all hours,6192,0.7093,16.4483,30.0607,30.0524,0.0006,-40.4500,40.0000
wind_direction_10m,°,open-meteo day 0,2,big swell,1653,0.0962,15.7707,27.5097,27.5096,0.0000,-36.0000,37.8000
wind_direction_10m,°,open-meteo day 0,3,all hours,6192,0.3900,19.2892,33.4833,33.4811,0.0001,-46.0000,47.0000
wind_direction_10m,°,open-meteo day 0,3,big swell,1653,-0.1603,17.4126,28.6084,28.6080,0.0000,-42.0000,40.0000
wind_direction_10m,°,open-meteo day 0,4,all hours,6192,0.0016,24.2216,39.8536,39.8536,0.0000,-66.0000,61.0000
wind_direction_10m,°,open-meteo day 0,4,big swell,1653,-1.7780,22.4471,36.5157,36.4724,0.0024,-67.0000,50.0000
wind_direction_10m,°,open-meteo day 0,5,all hours,6192,-0.3702,33.0552,50.8597,50.8584,0.0001,-92.0000,86.0000
wind_direction_10m,°,open-meteo day 0,5,big swell,1653,1.8355,30.2190,45.2336,45.1963,0.0016,-69.4000,83.0000
wind_direction_10m,°,open-meteo day 0,6,all hours,6192,0.9553,42.2828,61.2307,61.2233,0.0002,-115.0000,116.0000
wind_direction_10m,°,open-meteo day 0,6,big swell,1653,4.2123,42.9843,60.9719,60.8262,0.0048,-109.4000,113.0000
wind_direction_10m,°,open-meteo day 0,7,all hours,6192,2.8172,45.6647,64.7162,64.6549,0.0019,-123.0000,124.0000
wind_direction_10m,°,open-meteo day 0,7,big swell,1653,-1.7671,48.9564,66.5689,66.5455,0.0007,-126.4000,123.4000
