variable,unit,lead_time_days,month,hours,mean_drift
wave_height,m,1,2025-11,320,-0.0096
wave_height,m,1,2025-12,744,-0.0251
wave_height,m,1,2026-01,744,0.0105
wave_height,m,1,2026-02,672,0.0408
wave_height,m,1,2026-03,744,-0.0077
wave_height,m,1,2026-04,720,-0.0131
wave_height,m,1,2026-05,744,-0.0026
wave_height,m,1,2026-06,720,-0.0026
wave_height,m,1,2026-07,744,-0.0058
wave_height,m,2,2025-11,296,-0.0101
wave_height,m,2,2025-12,744,-0.0441
wave_height,m,2,2026-01,744,0.1084
wave_height,m,2,2026-02,672,0.0730
wave_height,m,2,2026-03,744,-0.0583
wave_height,m,2,2026-04,720,-0.0385
wave_height,m,2,2026-05,744,-0.0050
wave_height,m,2,2026-06,720,-0.0021
wave_height,m,2,2026-07,744,-0.0088
wave_height,m,3,2025-11,272,0.0090
wave_height,m,3,2025-12,744,-0.0417
wave_height,m,3,2026-01,744,0.1145
wave_height,m,3,2026-02,672,0.1010
wave_height,m,3,2026-03,744,-0.0610
wave_height,m,3,2026-04,720,-0.0370
wave_height,m,3,2026-05,744,-0.0096
wave_height,m,3,2026-06,720,0.0207
wave_height,m,3,2026-07,744,-0.0177
wave_height,m,4,2025-11,248,-0.0381
wave_height,m,4,2025-12,744,-0.0663
wave_height,m,4,2026-01,744,0.0656
wave_height,m,4,2026-02,672,0.1318
wave_height,m,4,2026-03,744,-0.1138
wave_height,m,4,2026-04,720,-0.0939
wave_height,m,4,2026-05,744,-0.0302
wave_height,m,4,2026-06,720,0.0470
wave_height,m,4,2026-07,744,-0.0171
wave_height,m,5,2025-11,224,-0.1035
wave_height,m,5,2025-12,744,-0.0604
wave_height,m,5,2026-01,744,-0.0220
wave_height,m,5,2026-02,672,0.1564
wave_height,m,5,2026-03,744,-0.1304
wave_height,m,5,2026-04,720,-0.0963
wave_height,m,5,2026-05,744,-0.0021
wave_height,m,5,2026-06,720,0.0505
wave_height,m,5,2026-07,744,-0.0216
wave_height,m,6,2025-11,200,0.0301
wave_height,m,6,2025-12,744,-0.0833
wave_height,m,6,2026-01,744,-0.0867
wave_height,m,6,2026-02,672,0.0582
wave_height,m,6,2026-03,744,-0.1343
wave_height,m,6,2026-04,720,-0.0298
wave_height,m,6,2026-05,744,0.0006
wave_height,m,6,2026-06,720,0.0378
wave_height,m,6,2026-07,744,-0.0239
wave_height,m,7,2025-11,176,0.1553
wave_height,m,7,2025-12,744,-0.0822
wave_height,m,7,2026-01,744,-0.1508
wave_height,m,7,2026-02,672,-0.0086
wave_height,m,7,2026-03,744,-0.1134
wave_height,m,7,2026-04,720,-0.0931
wave_height,m,7,2026-05,744,-0.0121
wave_height,m,7,2026-06,720,0.0546
wave_height,m,7,2026-07,744,-0.0358
wave_period,s,1,2025-11,320,-0.0598
wave_period,s,1,2025-12,744,-0.0317
wave_period,s,1,2026-01,744,-0.0070
wave_period,s,1,2026-02,672,-0.0107
wave_period,s,1,2026-03,744,-0.0445
wave_period,s,1,2026-04,720,-0.0461
wave_period,s,1,2026-05,744,-0.0394
wave_period,s,1,2026-06,720,-0.0537
wave_period,s,1,2026-07,744,-0.0380
wave_period,s,2,2025-11,296,0.0333
wave_period,s,2,2025-12,744,-0.0640
wave_period,s,2,2026-01,744,0.1380
wave_period,s,2,2026-02,672,0.1696
wave_period,s,2,2026-03,744,-0.0895
wave_period,s,2,2026-04,720,-0.1466
wave_period,s,2,2026-05,744,-0.1737
wave_period,s,2,2026-06,720,-0.1808
wave_period,s,2,2026-07,744,-0.1618
wave_period,s,3,2025-11,272,-0.0118
wave_period,s,3,2025-12,744,-0.0972
wave_period,s,3,2026-01,744,0.1532
wave_period,s,3,2026-02,672,0.3049
wave_period,s,3,2026-03,744,-0.1557
wave_period,s,3,2026-04,720,-0.1363
wave_period,s,3,2026-05,744,-0.1379
wave_period,s,3,2026-06,720,-0.1749
wave_period,s,3,2026-07,744,-0.2401
wave_period,s,4,2025-11,248,-0.1319
wave_period,s,4,2025-12,744,-0.2158
wave_period,s,4,2026-01,744,0.0292
wave_period,s,4,2026-02,672,0.3290
wave_period,s,4,2026-03,744,-0.3389
wave_period,s,4,2026-04,720,-0.2474
wave_period,s,4,2026-05,744,-0.1823
wave_period,s,4,2026-06,720,-0.2128
wave_period,s,4,2026-07,744,-0.2847
wave_period,s,5,2025-11,224,-0.2779
wave_period,s,5,2025-12,744,-0.3096
wave_period,s,5,2026-01,744,-0.0009
wave_period,s,5,2026-02,672,0.2957
wave_period,s,5,2026-03,744,-0.3866
wave_period,s,5,2026-04,720,-0.3503
wave_period,s,5,2026-05,744,-0.3524
wave_period,s,5,2026-06,720,-0.2222
wave_period,s,5,2026-07,744,-0.2575
wave_period,s,6,2025-11,200,-0.2585
wave_period,s,6,2025-12,744,-0.2952
wave_period,s,6,2026-01,744,-0.0585
wave_period,s,6,2026-02,672,0.1833
wave_period,s,6,2026-03,744,-0.4573
wave_period,s,6,2026-04,720,-0.4282
wave_period,s,6,2026-05,744,-0.4112
wave_period,s,6,2026-06,720,-0.2658
wave_period,s,6,2026-07,744,-0.1735
wave_period,s,7,2025-11,176,0.3688
wave_period,s,7,2025-12,744,-0.3837
wave_period,s,7,2026-01,744,0.0005
wave_period,s,7,2026-02,672,0.2609
wave_period,s,7,2026-03,744,-0.4633
wave_period,s,7,2026-04,720,-0.4562
wave_period,s,7,2026-05,744,-0.3780
wave_period,s,7,2026-06,720,-0.1568
wave_period,s,7,2026-07,744,-0.1539
wind_speed_10m,km/h,1,2025-11,360,-1.0244
wind_speed_10m,km/h,1,2025-12,744,0.1598
wind_speed_10m,km/h,1,2026-01,744,-0.2812
wind_speed_10m,km/h,1,2026-02,672,-0.8976
wind_speed_10m,km/h,1,2026-03,744,-0.9097
wind_speed_10m,km/h,1,2026-04,720,-0.2844
wind_speed_10m,km/h,1,2026-05,744,0.2332
wind_speed_10m,km/h,1,2026-06,720,0.3510
wind_speed_10m,km/h,1,2026-07,744,-0.0362
wind_speed_10m,km/h,2,2025-11,360,-1.3025
wind_speed_10m,km/h,2,2025-12,744,0.5530
wind_speed_10m,km/h,2,2026-01,744,-0.0504
wind_speed_10m,km/h,2,2026-02,672,-1.3804
wind_speed_10m,km/h,2,2026-03,744,-0.7212
wind_speed_10m,km/h,2,2026-04,720,-0.4058
wind_speed_10m,km/h,2,2026-05,744,-0.1984
wind_speed_10m,km/h,2,2026-06,720,0.5585
wind_speed_10m,km/h,2,2026-07,744,-0.0687
wind_speed_10m,km/h,3,2025-11,360,-0.5467
wind_speed_10m,km/h,3,2025-12,744,0.8676
wind_speed_10m,km/h,3,2026-01,744,0.0755
wind_speed_10m,km/h,3,2026-02,672,-1.6241
wind_speed_10m,km/h,3,2026-03,744,-0.6602
wind_speed_10m,km/h,3,2026-04,720,-0.4594
wind_speed_10m,km/h,3,2026-05,744,0.0395
wind_speed_10m,km/h,3,2026-06,720,0.4736
wind_speed_10m,km/h,3,2026-07,744,-0.1144
wind_speed_10m,km/h,4,2025-11,360,-0.9667
wind_speed_10m,km/h,4,2025-12,744,1.2934
wind_speed_10m,km/h,4,2026-01,744,-0.4894
wind_speed_10m,km/h,4,2026-02,672,-2.0043
wind_speed_10m,km/h,4,2026-03,744,-0.2577
wind_speed_10m,km/h,4,2026-04,720,0.1714
wind_speed_10m,km/h,4,2026-05,744,-0.0453
wind_speed_10m,km/h,4,2026-06,720,0.5986
wind_speed_10m,km/h,4,2026-07,744,-0.5215
wind_speed_10m,km/h,5,2025-11,360,6.3981
wind_speed_10m,km/h,5,2025-12,744,8.6503
wind_speed_10m,km/h,5,2026-01,744,7.4065
wind_speed_10m,km/h,5,2026-02,672,3.2304
wind_speed_10m,km/h,5,2026-03,744,4.4586
wind_speed_10m,km/h,5,2026-04,720,3.4088
wind_speed_10m,km/h,5,2026-05,744,3.2941
wind_speed_10m,km/h,5,2026-06,720,-1.6036
wind_speed_10m,km/h,5,2026-07,744,-1.1437
wind_speed_10m,km/h,6,2025-11,360,4.9819
wind_speed_10m,km/h,6,2025-12,744,5.1712
wind_speed_10m,km/h,6,2026-01,744,7.3015
wind_speed_10m,km/h,6,2026-02,672,3.3564
wind_speed_10m,km/h,6,2026-03,744,4.9249
wind_speed_10m,km/h,6,2026-04,720,4.0607
wind_speed_10m,km/h,6,2026-05,744,3.3292
wind_speed_10m,km/h,6,2026-06,720,-2.0846
wind_speed_10m,km/h,6,2026-07,744,-0.3629
wind_speed_10m,km/h,7,2025-11,360,-3.0381
wind_speed_10m,km/h,7,2025-12,744,-0.9832
wind_speed_10m,km/h,7,2026-01,744,-0.9782
wind_speed_10m,km/h,7,2026-02,672,-2.8933
wind_speed_10m,km/h,7,2026-03,744,-0.4866
wind_speed_10m,km/h,7,2026-04,720,3.9615
wind_speed_10m,km/h,7,2026-05,744,0.2613
wind_speed_10m,km/h,7,2026-06,720,0.8386
wind_speed_10m,km/h,7,2026-07,744,0.8117
